<?xml version="1.0" encoding="UTF-8"?>
<beans xmlns="http://www.springframework.org/schema/beans"
	xmlns:xsi="http://www.w3.org/2001/XMLSchema-instance" xmlns:context="http://www.springframework.org/schema/context"
	xsi:schemaLocation="http://www.springframework.org/schema/beans http://www.springframework.org/schema/beans/spring-beans-4.0.xsd
        					http://www.springframework.org/schema/context http://www.springframework.org/schema/context/spring-context-4.0.xsd">


	<bean id="textEditor" class="com.capgemini.pojo.TextEditor" autowire="byName">
	<property name="name" value="Generic Text Editor"  /> 
	</bean>
	<bean id="textEditor1" class="com.capgemini.pojo.TextEditor" autowire="byType">
<property name="name" value="Generic Text Editor"  /> 
</bean>
	
	<bean id="spellChecker" class="com.capgemini.pojo.SpellChecker">
	</bean>
	
</beans>