<?xml version="1.0" encoding="UTF-8"?>
<beans xmlns="http://www.springframework.org/schema/beans"
	xmlns:xsi="http://www.w3.org/2001/XMLSchema-instance" xmlns:context="http://www.springframework.org/schema/context"
	xsi:schemaLocation="http://www.springframework.org/schema/beans http://www.springframework.org/schema/beans/spring-beans-4.0.xsd
        					http://www.springframework.org/schema/context http://www.springframework.org/schema/context/spring-context-4.0.xsd">

	<bean id="empdetails" class="com.capgemini.pojo.SpringSICollectionApp.Employee">
	<!-- <property name="emp_no" value="1"/>
	<property name="depart_no">
	<list>
	<value>1</value>
	</list>
	</property> -->
	
	<constructor-arg type="java.lang.Integer" value="2"></constructor-arg>
	<constructor-arg type="java.util.List" value="2"></constructor-arg>
	
	
	
	</bean>
</beans>